dt,error ADER_gaussLobatto,error ADER_L2_gaussLobatto,error ADER_u_gaussLobatto,error ClassicalADER_gaussLobatto,time ADER_gaussLobatto,time ADER_L2_gaussLobatto,time ADER_u_gaussLobatto,time ClassicalADER_gaussLobatto
1.0,0.02314745911913212,0.02450174244817756,0.02314745911913212,0.02314745911913212,0.0001430466430145316,0.00011388853381421151,0.00014194927152857417,0.00014110471367145822
0.5,0.004136652061163155,0.003886651635959208,0.004136652061163169,0.004136652061163155,0.0003278369539974456,0.00026290798228624876,0.0003294386164281085,0.00032809714328738794
0.25,0.00055429790221684,0.0005164321055389994,0.00055429790221684,0.00055429790221684,0.0006999282622876178,0.0005639009907151505,0.0007017515072823569,0.0006982311647173317
0.125,6.996929635560287e-05,6.5438117088466e-05,6.996929635560287e-05,6.996929635560287e-05,0.001444470991858647,0.0011620309234255859,0.001445883868002316,0.0014368403852859045
0.0625,8.742351281301369e-06,8.208239465127405e-06,8.742351281301369e-06,8.742351281301369e-06,0.0029351551871513947,0.002359876741393236,0.0029415803528224514,0.0029260534085499656
